cout_total_employeur,salaire_brut,salaire_net,salaire_net_apres_impot,montant_impot
1271.1599999999999,1000.0,528.3174999999999,528.3174999999999,0.0
2302.3199999999997,2000.0,1319.915,1319.915,0.0
3333.4800000000005,3000.0,2111.5125,2111.5125,0.0
4364.639999999999,4000.0,2903.1099999999997,2903.1099999999997,0.0
5395.799999999999,5000.0,3694.7075,3694.7075,0.0
6426.960000000001,6000.0,4486.305,4486.305,0.0
7458.12,6999.999999999999,5277.9025,5277.9025,0.0
8489.279999999999,8000.0,6069.5,6069.5,0.0
9520.440000000002,9000.0,6861.097500000001,6861.097500000001,0.0
10551.599999999999,10000.0,7652.695,7652.695,0.0
11582.76,11000.0,8444.2925,8444.2925,0.0
12613.920000000002,12000.0,9235.89,9235.89,0.0
13645.079999999998,13000.0,10027.4875,10027.4875,0.0
14676.24,13999.999999999998,10819.085,10819.085,0.0
15707.400000000001,15000.0,11610.682499999999,11575.847425,34.83507499999989
16738.559999999998,16000.0,12402.279999999999,12280.3692,121.91079999999987
17769.72,17000.0,13193.877499999997,12984.890974999997,208.98652499999966
18800.880000000005,18000.0,13985.474999999999,13689.41275,296.06224999999984
19832.04,19000.0,14777.072499999998,14393.934524999999,383.1379749999998
21061.199999999997,20000.0,15568.669999999996,15098.456299999996,470.2136999999996
22942.260000000002,21000.0,16360.267499999998,15802.978074999999,557.2894249999998
23246.719999999998,22000.0,17151.864999999998,16507.499849999997,644.3651499999997
25129.68,23000.0,17943.462499999998,17212.021624999998,731.4408749999998
27013.44,24000.0,18735.06,17916.543400000002,818.5166000000002
28896.5,24999.999999999996,19526.657499999994,18621.065174999996,905.5923249999993
30778.559999999998,26000.0,20318.254999999997,19325.586949999997,992.6680499999998
32660.52,27000.0,21109.8525,20030.108725000002,1079.7437750000001
34544.479999999996,27999.999999999996,21901.449999999997,20734.6305,1166.8194999999996
36425.04,29000.0,22693.047499999997,21439.152274999997,1253.8952249999998
38308.8,30000.0,23484.645,22143.67405,1340.9709500000001
40191.56,30999.999999999996,24276.242499999997,22848.195824999995,1428.0466749999996
42075.52,32000.0,25067.84,23552.7176,1515.1224
43957.08,33000.0,25859.4375,24257.239375,1602.1981250000001
45839.439999999995,34000.0,26651.035,24961.76115,1689.27385
47506.09999999999,35000.0,27442.6325,25666.282925,1776.349575
48856.56,36000.0,28234.23,26370.8047,1863.4252999999999
50207.02,37000.0,29025.8275,27031.84925,1993.9782499999997
51557.48,38000.0,29817.425,27585.9675,2231.4574999999995
52907.94,39000.0,30609.0225,28140.08575,2468.93675
54258.399999999994,40000.0,31400.62,28694.203999999998,2706.4159999999997
55608.86,41000.0,32192.2175,29248.322249999997,2943.8952499999996
56959.32000000001,42000.0,32983.815,29802.4405,3181.374500000001
58309.77999999999,43000.0,33775.4125,30356.55875,3418.8537499999993
59660.24,44000.0,34567.009999999995,30910.676999999996,3656.3329999999983
61010.700000000004,45000.0,35358.6075,31464.79525,3893.812249999999
62361.15999999999,46000.0,36150.205,32018.913500000002,4131.2915
63711.619999999995,47000.0,36941.8025,32573.03175,4368.77075
65162.06999999999,48000.0,37676.909999999996,33087.606999999996,4589.302999999998
69453.73,49000.0,38479.00749999999,33649.075249999994,4829.932249999998
70865.38999999998,49999.99999999999,39281.104999999996,34210.5435,5070.561499999998
72277.04999999999,51000.0,40083.2025,34772.01175,5311.19075
73688.70999999999,52000.0,40885.299999999996,35333.479999999996,5551.819999999998
75100.37,52999.99999999999,41687.39749999999,35894.948249999994,5792.449249999998
76512.03,54000.0,42489.495,36456.4165,6033.0785000000005
77923.69,55000.0,43291.5925,37017.88475,6273.70775
79335.34999999998,55999.99999999999,44093.68999999999,37579.35299999999,6514.336999999996
80747.01,57000.0,44895.787500000006,38140.82125000001,6754.966250000001
82158.67,58000.0,45697.884999999995,38702.2895,6995.5954999999985
83570.32999999999,58999.99999999999,46499.98249999999,39263.75775,7236.224749999997
84981.99,60000.0,47302.08,39825.226,7476.854
86393.65,61000.0,48104.1775,40386.69425,7717.483249999999
87805.30999999998,61999.99999999999,48906.274999999994,40948.1625,7958.112499999998
89216.97,63000.0,49708.3725,41509.63075,8198.74175
90628.62999999999,64000.0,50510.47,42071.099,8439.371
92040.29,64999.99999999999,51312.56749999999,42632.56724999999,8680.000249999997
93451.95000000001,66000.0,52114.665,43194.0355,8920.6295
94863.60999999999,67000.0,52916.7625,43755.503749999996,9161.258749999999
96275.26999999999,68000.0,53718.86,44316.972,9401.887999999999
97686.93000000001,69000.0,54520.957500000004,44878.44025,9642.51725
99098.58999999998,70000.0,55323.055,45439.908500000005,9883.146499999999
100510.25,71000.0,56125.15249999999,46001.376749999996,10123.775749999997
103217.91,72000.0,56927.25,46562.845,10364.404999999999
104647.56999999999,73000.0,57729.34749999999,47124.31324999999,10605.034249999997
106077.22999999998,74000.0,58531.445,47685.7815,10845.663499999999
107506.88999999998,75000.0,59333.542499999996,48247.249749999995,11086.292749999999
108936.55,76000.0,60135.64,48808.718,11326.921999999999
110366.20999999999,77000.0,60937.73749999999,49370.18624999999,11567.551249999997
111795.87,78000.0,61739.835,49931.654500000004,11808.180499999999
113225.53,79000.0,62541.932499999995,50493.122749999995,12048.809749999999
114655.19,80000.0,63344.03,51054.591,12289.438999999998
116084.84999999999,81000.0,64146.1275,51616.059250000006,12530.06825
117514.50999999998,82000.0,64948.225,52177.5275,12770.697499999998
118944.16999999998,83000.0,65750.32249999998,52738.99574999999,13011.326749999993
120373.83,84000.0,66552.42,53300.464,13251.955999999998
121803.48999999999,85000.0,67354.5175,53861.93225,13492.58525
123233.14999999998,86000.0,68156.61499999999,54423.400499999996,13733.214499999996
124662.81,87000.0,68958.7125,54984.868749999994,13973.843749999998
126092.47,88000.0,69760.81,55546.337,14214.472999999998
127522.12999999999,89000.0,70562.90749999999,56107.80524999999,14455.102249999996
128951.79000000001,90000.0,71365.005,56669.2735,14695.731500000002
130381.44999999998,91000.0,72167.1025,57230.741749999994,14936.360749999998
131811.11,92000.0,72969.2,57792.21,15176.989999999998
133240.77,93000.0,73771.2975,58353.67825,15417.61925
134670.43,94000.0,74573.39499999999,58915.146499999995,15658.248499999996
136100.09,95000.0,75375.4925,59476.61474999999,15898.877749999998
137529.75,96000.0,76177.59,60038.083,16139.506999999998
138959.40999999997,97000.0,76979.6875,60599.551250000004,16380.13625
140389.06999999998,98000.0,77781.785,61161.0195,16620.7655
141818.73,99000.0,78583.88249999999,61722.48774999999,16861.39475
143248.38999999998,99999.99999999999,79385.97999999998,62283.95599999999,17102.023999999994
144678.05,101000.0,80188.07749999998,62845.42424999999,17342.653249999996
146107.71,102000.0,80990.17499999999,63406.892499999994,17583.282499999994
147537.36999999997,102999.99999999999,81792.27249999999,63968.36074999999,17823.91175
148967.03,104000.0,82594.37,64501.9583,18092.411699999997
150396.69,105000.0,83396.4675,64975.195825,18421.271675
151826.34999999998,105999.99999999999,84198.56499999999,65448.43334999999,18750.131649999992
153256.00999999998,107000.0,85000.66249999999,65921.670875,19078.991624999995
154685.66999999998,108000.0,85802.76,66394.9084,19407.851599999998
156115.33,108999.99999999999,86604.85749999998,66868.14592499999,19736.711574999994
157544.99,110000.0,87406.95499999999,67341.38345,20065.571549999993
158974.65000000002,111000.0,88209.05249999999,67814.620975,20394.431524999996
160404.30999999997,111999.99999999999,89011.15,68287.8585,20723.291499999996
161833.96999999997,113000.0,89813.2475,68761.096025,21052.151475
163263.63,114000.0,90615.345,69234.33355000001,21381.011449999998
164693.28999999998,114999.99999999999,91417.44249999998,69707.57107499999,21709.87142499999
166122.95,116000.0,92219.54,70180.80859999999,22038.731399999997
167552.61,117000.0,93021.63750000001,70654.04612500001,22367.591375000004
168982.26999999996,117999.99999999999,93823.73499999999,71127.28365,22696.451349999992
170411.93,119000.0,94625.83249999999,71600.521175,23025.311324999995
171841.59,120000.0,95427.93,72073.7587,23354.171299999995
173271.25,120999.99999999999,96230.02749999998,72546.996225,23683.03127499999
174700.91,122000.0,97032.125,73020.23375,24011.89125
176130.57,123000.0,97834.2225,73493.471275,24340.751225
177560.22999999998,123999.99999999999,98636.31999999999,73966.7088,24669.611199999996
178989.88999999998,125000.0,99438.41749999998,74439.946325,24998.47117499999
180419.55,126000.0,100240.51499999998,74913.18385,25327.33114999999
181849.20999999996,126999.99999999999,101042.61249999999,75386.42137499999,25656.191124999994
183278.87,128000.0,101844.70999999999,75859.6589,25985.051099999997
184708.53,129000.0,102646.8075,76332.896425,26313.911074999996
186138.18999999997,129999.99999999999,103448.905,76806.13395,26642.771049999996
187567.85,131000.0,104251.0025,77279.371475,26971.631025
188997.51,132000.0,105053.09999999999,77752.609,27300.490999999995
190427.16999999998,133000.0,105855.19749999998,78225.84652499999,27629.35097499999
191856.83,134000.0,106657.29499999998,78699.08404999999,27958.210949999993
193286.49,135000.0,107459.3925,79172.32157500001,28287.070925
194716.15,136000.0,108261.48999999999,79645.5591,28615.930899999992
196145.81,137000.0,109063.5875,80118.796625,28944.790874999995
197575.47000000003,138000.0,109865.68500000001,80592.03415,29273.650850000005
199005.12999999995,139000.0,110667.78249999997,81065.27167499998,29602.510824999987
200434.78999999998,140000.0,111469.87999999999,81538.5092,29931.370799999993
201864.44999999998,141000.0,112271.97750000001,82011.746725,30260.230775000004
203294.11,142000.0,113074.07499999998,82484.98425,30589.09074999999
204723.76999999996,143000.0,113876.1725,82958.221775,30917.950725
206153.43,144000.0,114678.26999999999,83431.45929999999,31246.810699999995
207583.08999999997,145000.0,115480.36749999998,83904.69682499999,31575.670674999987
209012.74999999997,146000.0,116282.465,84377.93435,31904.530649999997
210442.41,147000.0,117084.5625,84851.171875,32233.390625
211872.07,148000.0,117886.65999999999,85324.4094,32562.250599999992
213301.72999999998,149000.0,118688.7575,85797.64692500001,32891.110575
214731.39,150000.0,119490.85500000001,86270.88445000001,33219.97055
216161.04999999996,151000.0,120292.95249999998,86744.12197499999,33548.83052499999
217590.71,152000.0,121095.04999999999,87217.35949999999,33877.6905
219020.37000000002,153000.0,121897.14749999999,87690.597025,34206.550475
220450.02999999997,154000.0,122699.245,88163.83455,34535.410449999996
221879.69,155000.0,123501.3425,88637.072075,34864.270424999995
223309.34999999998,156000.0,124303.43999999999,89110.3096,35193.130399999995
224739.00999999998,157000.0,125105.53749999998,89583.54712499998,35521.99037499999
226168.67,158000.0,125907.63500000001,90056.78465000002,35850.85035
227598.33000000002,159000.0,126709.7325,90530.022175,36179.71032499999
229027.99,160000.0,127511.82999999999,91003.2597,36508.57029999999
230457.64999999997,161000.0,128313.92749999999,91476.497225,36837.43027499999
231887.30999999997,162000.0,129116.02500000001,91949.73475,37166.290250000005
233316.97,163000.0,129918.1225,92422.97227500001,37495.150225
234746.63,164000.0,130720.21999999999,92896.2098,37824.01019999999
236176.28999999998,165000.0,131522.3175,93369.447325,38152.870175000004
237605.94999999995,166000.0,132324.41499999998,93842.68484999999,38481.73014999999
239035.60999999996,167000.0,133126.5125,94315.92237500001,38810.590125
240465.27,168000.0,133928.61,94789.1599,39139.45009999999
241894.93,169000.0,134730.70749999996,95262.39742499997,39468.31007499999
243324.58999999997,170000.0,135532.805,95735.63495,39797.17004999999
244754.25,171000.0,136334.9025,96208.872475,40126.030025
246183.90999999997,172000.0,137137.0,96682.11,40454.89
247613.56999999998,173000.0,137939.0975,97155.347525,40783.749975
249043.23,174000.0,138741.195,97628.58505000001,41112.60995
250472.89,175000.0,139543.29249999998,98101.822575,41441.46992499999
251902.55,176000.0,140345.38999999998,98575.0601,41770.32989999999
253332.21000000002,177000.0,141147.4875,99048.29762499999,42099.189875
254761.86999999997,178000.0,141949.585,99521.53515,42428.049849999996
256191.53,179000.0,142751.6825,99994.772675,42756.909824999995
257621.19,180000.0,143553.78,100468.0102,43085.769799999995
259050.84999999998,181000.0,144355.8775,100941.24772500001,43414.629774999994
260480.51,182000.0,145157.975,101414.48525,43743.48975
261910.16999999998,183000.0,145960.0725,101887.722775,44072.349725
263339.82999999996,184000.0,146762.16999999998,102360.96029999999,44401.20969999999
264769.49,185000.0,147564.2675,102834.197825,44730.06967499999
266199.15,186000.0,148366.365,103307.43535,45058.92964999999
267628.81,187000.0,149168.4625,103780.672875,45387.78962499999
269058.47,188000.0,149970.56,104253.9104,45716.6496
270462.63,189000.0,150771.63900000002,104726.54701000001,46045.09199000001
271849.79,190000.0,151572.039,105198.78301,46373.25598999999
273236.95,191000.0,152372.439,105671.01901000002,46701.41999
274624.11,192000.0,153172.83899999998,106143.25501,47029.583989999985
276011.26999999996,193000.0,153973.23899999997,106615.49100999998,47357.74798999999
277398.43000000005,194000.0,154773.63900000002,107087.72701000002,47685.91199000001
278785.58999999997,195000.0,155574.039,107559.96300999999,48014.07599
280172.75,196000.0,156374.43899999998,108032.19901,48342.23998999999
281559.9099999999,196999.99999999997,157174.83899999998,108504.43500999999,48670.40398999999
282947.07,198000.0,157975.239,108976.67101,48998.567989999996
284334.23,199000.0,158775.639,109448.90701,49326.73199
285721.38999999996,199999.99999999997,159576.039,109921.14301,49654.89598999999
287108.55000000005,201000.0,160376.439,110393.37901,49983.05999
288495.70999999996,202000.0,161176.83899999998,110865.61501,50311.223989999984
289882.87,202999.99999999997,161977.23899999997,111337.85100999998,50639.38798999999
291270.02999999997,204000.0,162777.63900000002,111810.08701000002,50967.55199000001
292657.19,205000.0,163578.039,112282.32301,51295.71598999999
294044.35,205999.99999999997,164378.43899999998,112754.55901,51623.87998999999
295431.51,207000.0,165178.83899999998,113226.79500999999,51952.04398999999
296818.67,208000.0,165979.23899999997,113699.03100999998,52280.20798999999
298205.82999999996,208999.99999999997,166779.639,114171.26701000001,52608.37198999999
299592.99,210000.0,167580.039,114643.50301,52936.53598999999
300980.14999999997,211000.0,168380.43899999998,115115.73900999999,53264.699989999994
302367.30999999994,211999.99999999997,169180.83899999998,115587.97501,53592.86398999999
303754.47000000003,213000.0,169981.239,116060.21101,53921.027989999995
305141.63,214000.0,170781.639,116532.44701,54249.19198999999
306528.79,214999.99999999997,171582.039,117004.68301000001,54577.35598999999
307915.94999999995,216000.0,172382.439,117476.91901000001,54905.51999
309303.11,217000.0,173182.83899999998,117949.15500999999,55233.68398999999
310690.2699999999,217999.99999999997,173983.23899999997,118421.39100999999,55561.84798999999
312077.43,219000.0,174783.63900000002,118893.62701000003,55890.011990000006
313464.58999999997,220000.0,175584.039,119365.86301,56218.17598999999
314851.74999999994,220999.99999999997,176384.43899999998,119838.09900999999,56546.33998999999
316238.91000000003,222000.0,177184.83899999998,120307.18145,56877.65754999998
317626.06999999995,223000.0,177985.23899999997,120747.40144999999,57237.83754999998
319013.23,223999.99999999997,178785.639,121187.62145,57598.01754999999
320400.39,225000.0,179586.039,121627.84145,57958.19754999999
321787.55,226000.0,180386.43899999998,122068.06145000001,58318.37754999998
323174.70999999996,226999.99999999997,181186.83899999998,122508.28145,58678.55754999998
324561.87,228000.0,181987.239,122948.50145000001,59038.73754999999
325949.03,229000.0,182787.639,123388.72145000001,59398.91754999999
327336.18999999994,229999.99999999997,183588.039,123828.94145,59759.09754999999
328723.35,231000.0,184388.439,124269.16145000001,60119.27755
330110.50999999995,232000.0,185188.83899999998,124709.38144999999,60479.457549999985
331497.6699999999,232999.99999999997,185989.23899999997,125149.60144999999,60839.63754999998
332884.82999999996,234000.0,186789.63900000002,125589.82145000002,61199.81755000001
334271.99,235000.0,187590.039,126030.04145,61559.997549999985
335659.14999999997,235999.99999999997,188390.43899999998,126470.26144999999,61920.177549999986
337046.30999999994,237000.0,189190.83899999998,126910.48144999999,62280.357549999986
338433.47,238000.0,189991.23899999997,127350.70145,62640.53754999998
339820.62999999995,238999.99999999997,190791.639,127790.92145,63000.717549999994
341207.79,240000.0,191592.039,128231.14145,63360.89754999999
342594.94999999995,241000.0,192392.43899999998,128671.36145,63721.07754999999
343982.1099999999,241999.99999999997,193192.83899999998,129111.58145,64081.25754999998
345369.27,243000.0,193993.239,129551.80145,64441.437549999995
346756.42999999993,244000.0,194793.639,129992.02145,64801.61754999999
348143.58999999997,244999.99999999997,195594.039,130432.24145,65161.79754999999
349530.75,246000.0,196394.43899999998,130872.46145,65521.97754999999
350917.91,247000.0,197194.83899999998,131312.68144999997,65882.15754999999
352305.06999999995,247999.99999999997,197995.239,131752.90145,66242.33755
353692.23,249000.0,198795.63900000002,132193.12145000004,66602.51755
355079.39,250000.0,199596.039,132633.34145,66962.69754999998
356466.54999999993,250999.99999999997,200396.43899999998,133073.56144999998,67322.87754999999
357853.70999999996,252000.0,201196.83899999998,133513.78145,67683.05754999998
359240.87,253000.0,201997.239,133954.00145,68043.23754999999
360628.02999999997,253999.99999999997,202797.63899999997,134394.22144999998,68403.41754999998
362015.19,255000.0,203598.03900000002,134834.44145,68763.59755
363402.35,256000.0,204398.43899999998,135274.66145,69123.77754999998
364789.51,256999.99999999997,205198.83899999995,135714.88145,69483.95754999996
366176.67,258000.0,205999.239,136155.10145000002,69844.13755
367563.82999999996,259000.0,206799.63899999997,136595.32145,70204.31754999998
368950.98999999993,259999.99999999997,207600.039,137035.54145000002,70564.49754999999
370338.15,261000.0,208400.43899999998,137475.76145,70924.67755
371725.31,262000.0,209200.83899999998,137915.98145,71284.85754999999
373112.47,263000.0,210001.239,138356.20145,71645.03755
374499.63,264000.0,210801.63900000002,138796.42145000002,72005.21755
375886.79,265000.0,211602.039,139236.64145,72365.39755
377273.94999999995,266000.0,212402.43899999998,139676.86145,72725.57754999999
378661.11,267000.0,213202.83899999998,140117.08145,73085.75754999998
380048.26999999996,268000.0,214003.239,140557.30145,73445.93755
381435.42999999993,269000.0,214803.63899999997,140997.52145,73806.11754999998
382822.58999999997,270000.0,215604.03900000002,141437.74145000003,74166.29755
384209.75,271000.0,216404.43899999998,141877.96145,74526.47754999998
385596.9099999999,272000.0,217204.83899999995,142318.18144999997,74886.65754999997
386984.07,273000.0,218005.239,142758.40145,75246.83755
388371.23,274000.0,218805.63899999997,143198.62144999998,75607.01754999998
389758.38999999996,275000.0,219606.039,143638.84145,75967.19754999998
391145.55000000005,276000.0,220406.43899999998,144079.06144999998,76327.37754999999
392532.70999999996,277000.0,221206.83899999998,144519.28145,76687.55754999998
393919.87,278000.0,222007.239,144959.50145,77047.73754999999
395307.03,279000.0,222807.63900000002,145399.72145,77407.91755000001
396694.19,280000.0,223608.03900000002,145839.94145,77768.09755
398081.35,281000.0,224408.43899999998,146280.16145,78128.27754999998
399468.50999999995,282000.0,225208.83899999998,146720.38145,78488.45754999999
400855.6699999999,283000.0,226009.239,147160.60145000002,78848.63755
402242.8299999999,284000.0,226809.63899999997,147600.82145,79208.81754999998
403629.99000000005,285000.0,227610.03900000002,148041.04145000002,79568.99755
405017.15,286000.0,228410.43899999998,148481.26145,79929.17755
406404.31,287000.0,229210.83899999995,148921.48144999996,80289.35754999997
407791.47,288000.0,230011.239,149361.70145,80649.53755
409178.62999999995,289000.0,230811.63899999997,149801.92145,81009.71754999997
410565.7899999999,290000.0,231612.039,150242.14145,81369.89755
411952.94999999995,291000.0,232412.43899999998,150682.36145,81730.07754999999
413340.11,292000.0,233212.83899999998,151122.58145,82090.25754999998
414727.2699999999,293000.0,234013.239,151562.80145,82450.43755
416114.43,294000.0,234813.63900000002,152003.02145,82810.61755000001
417501.58999999997,295000.0,235614.03900000002,152443.24145000003,83170.79755
418888.74999999994,296000.0,236414.43899999998,152883.46145,83530.97754999998
420275.91000000003,297000.0,237214.83899999998,153323.68144999997,83891.15754999999
421663.06999999995,298000.0,238015.239,153763.90145,84251.33755
423050.23,299000.0,238815.63899999997,154204.12144999998,84611.51754999998
424437.39,300000.0,239616.03900000002,154644.34145,84971.69755
425824.55,301000.0,240416.43899999998,155084.56144999998,85331.87754999999
427211.70999999996,302000.0,241216.83899999995,155524.78144999998,85692.05754999997
428598.87,303000.0,242017.239,155965.00145,86052.23754999999
429986.03,304000.0,242817.63899999997,156405.22144999998,86412.41754999998
431373.18999999994,305000.0,243618.039,156845.44144999998,86772.59754999999
432760.35000000003,306000.0,244418.43899999998,157285.66145,87132.77754999998
434147.51,307000.0,245218.83899999998,157725.88145,87492.95754999999
435534.67,308000.0,246019.239,158166.10145000002,87853.13755
436921.82999999996,309000.0,246819.63900000002,158606.32145000002,88213.31755
438308.98999999993,310000.0,247620.03900000002,159046.54145000002,88573.49755
439696.1499999999,311000.0,248420.43899999998,159486.76145,88933.67755
441083.30999999994,312000.0,249220.83899999998,159926.98145,89293.85754999999
442470.47000000003,313000.0,250021.239,160367.20145,89654.03755
443857.63,314000.0,250821.63899999997,160807.42145,90014.21754999997
445244.79,315000.0,251622.03900000002,161247.64145000002,90374.39755
446631.94999999995,316000.0,252422.43899999998,161687.86145,90734.57754999999
448019.1099999999,317000.0,253222.83899999995,162128.08144999997,91094.75754999998
449406.27,318000.0,254023.239,162568.30145,91454.93755
450793.42999999993,319000.0,254823.63899999997,163008.52145,91815.11754999998
452180.58999999997,320000.0,255624.039,163448.74145,92175.29754999999
453567.75,321000.0,256424.43899999998,163888.96145,92535.47754999998
454954.91,322000.0,257224.83899999998,164329.18145,92895.65754999997
456342.06999999995,323000.0,258025.239,164769.40145,93255.83755
457729.23,324000.0,258825.63900000002,165209.62145000004,93616.01755
459116.39,325000.0,259626.03900000002,165649.84145,93976.19755000001
460503.54999999993,326000.0,260426.43899999998,166090.06144999998,94336.37754999999
461890.71,327000.0,261226.83899999998,166530.28145,94696.55754999998
463277.87,328000.0,262027.239,166970.50145,95056.73754999999
464665.02999999997,329000.0,262827.63899999997,167410.72144999998,95416.91754999998
466052.18999999994,330000.0,263628.039,167850.94144999998,95777.09754999999
467439.35,331000.0,264428.439,168291.16145,96137.27755
468826.51,332000.0,265228.8389999999,168731.38144999996,96497.45754999996
470213.67000000004,333000.0,266029.239,169171.60145000002,96857.63754999998
471600.83,334000.0,266829.639,169611.82145000002,97217.81755
472987.99,335000.0,267630.039,170052.04145,97577.99755
474375.14999999997,336000.0,268430.439,170492.26145000002,97938.17755
475762.30999999994,337000.0,269230.839,170932.48145,98298.35754999999
477149.4699999999,338000.0,270031.239,171372.70145,98658.53755
478536.63,339000.0,270831.639,171812.92145000002,99018.71755
479923.79000000004,340000.0,271632.039,172253.14145,99378.89755
481310.95,341000.0,272432.439,172693.36145000003,99739.07755
482698.11,342000.0,273232.839,173133.58145,100099.25754999998
484085.26999999996,343000.0,274033.239,173573.80145,100459.43755
485472.42999999993,344000.0,274833.63899999997,174014.02145,100819.61754999998
486859.58999999997,345000.0,275634.039,174454.24145,101179.79754999999
488246.75,346000.0,276434.439,174894.46145,101539.97755000001
489633.9099999999,347000.0,277234.8389999999,175334.68144999997,101900.15754999996
491021.07,348000.0,278035.239,175774.90145,102260.33755
492408.23,349000.0,278835.639,176215.12145000004,102620.51755
493795.38999999996,350000.0,279636.039,176655.34145,102980.69754999998
495182.55000000005,351000.0,280436.439,177095.56145,103340.87755
496569.70999999996,352000.0,281236.839,177535.78145,103701.05754999998
497956.87,353000.0,282037.239,177976.00145,104061.23754999999
499344.03,354000.0,282837.639,178416.22145,104421.41755000001
500731.19,355000.0,283638.039,178856.44144999998,104781.59754999999
502118.35,356000.0,284438.439,179296.66145,105141.77755
503505.50999999995,357000.0,285238.839,179736.88145,105501.95754999999
504892.6699999999,358000.0,286039.239,180177.10145000002,105862.13754999998
506279.8299999999,359000.0,286839.63899999997,180617.32145,106222.31754999998
507666.99,360000.0,287640.039,181057.54145,106582.49755
509054.15,361000.0,288440.439,181497.76145000002,106942.67755
510441.31,362000.0,289240.8389999999,181937.98144999996,107302.85754999996
511828.47,363000.0,290041.239,182378.20145,107663.03755
513215.62999999995,364000.0,290841.639,182818.42145000002,108023.21755
514602.7899999999,365000.0,291642.039,183258.64145,108383.39755
515989.94999999995,366000.0,292442.439,183698.86145000003,108743.57755
517377.11,367000.0,293242.839,184139.08145,109103.75754999998
518764.2699999999,368000.0,294043.239,184579.30145,109463.93755
520151.43,369000.0,294843.639,185019.52145000003,109824.11755
521538.58999999997,370000.0,295644.039,185459.74145,110184.29754999999
522925.74999999994,371000.0,296444.439,185899.96145,110544.47755000001
524312.91,372000.0,297244.839,186340.18145,110904.65754999997
525700.07,373000.0,298045.239,186780.40145,111264.83755
527087.23,374000.0,298845.63899999997,187220.62144999998,111625.01754999999
528474.39,375000.0,299646.039,187660.84145,111985.19754999998
529861.55,376000.0,300446.439,188101.06145,112345.37755
531219.1499999999,377000.0,301266.55899999995,188552.12744999997,112714.43154999998
532458.51,378000.0,302165.559,189046.57745,113118.98155
533697.8699999999,379000.0,303064.559,189541.02745,113523.53155
534937.23,380000.0,303963.55899999995,190035.47744999998,113928.08154999997
536176.59,381000.0,304862.559,190529.92745000002,114332.63154999999
537415.95,382000.0,305761.559,191024.37745,114737.18155000001
538655.3099999999,383000.0,306660.55899999995,191518.82744999998,115141.73154999997
539894.67,384000.0,307559.559,192013.27745,115546.28155
541134.03,385000.0,308458.559,192507.72745,115950.83155
542373.3899999999,386000.0,309357.55899999995,193002.17745,116355.38154999996
543612.75,387000.0,310256.559,193496.62745,116759.93155000001
544852.11,388000.0,311155.559,193991.07745,117164.48155
546091.47,389000.0,312054.55899999995,194485.52745,117569.03154999997
547330.83,390000.0,312953.559,194979.97745,117973.58155
548570.19,391000.0,313852.559,195474.42745000002,118378.13154999999
549809.5499999999,392000.0,314751.55899999995,195968.87744999997,118782.68154999998
551048.91,393000.0,315650.559,196463.32745,119187.23155
552288.2699999999,393999.99999999994,316549.559,196957.77745,119591.78155
553527.63,395000.0,317448.55899999995,197452.22744999998,119996.33154999997
554766.99,396000.0,318347.559,197946.67745000002,120400.88154999999
556006.35,396999.99999999994,319246.559,198441.12745,120805.43155000001
557245.71,398000.0,320145.55899999995,198935.57744999998,121209.98154999997
558485.0700000001,399000.0,321044.559,199430.02745,121614.53155
559724.4299999999,399999.99999999994,321943.559,199924.47745,122019.08155
560963.79,401000.0,322842.55899999995,200418.92744999996,122423.63154999998
562203.1499999999,402000.0,323741.559,200913.37745000003,122828.18155
563442.51,402999.99999999994,324640.559,201407.82745,123232.73155
564681.8699999999,404000.0,325539.55899999995,201902.27745,123637.28154999997
565921.23,405000.0,326438.559,202396.72745,124041.83155
567160.5899999999,405999.99999999994,327337.559,202891.17745000002,124446.38155
568399.95,407000.0,328236.55899999995,203385.62744999997,124850.93154999998
569639.31,408000.0,329135.559,203880.07745,125255.48155
570878.6699999999,408999.99999999994,330034.559,204374.52745,125660.03155
572118.0299999999,410000.0,330933.55899999995,204868.97744999998,126064.58154999997
573357.39,411000.0,331832.559,205363.42745000002,126469.13155
574596.7499999999,411999.99999999994,332731.559,205857.87745000003,126873.68155
575836.11,413000.0,333630.55899999995,206352.32744999998,127278.23154999997
577075.47,414000.0,334529.559,206846.77745,127682.78155
578314.83,414999.99999999994,335428.559,207341.22745,128087.33155
579554.19,416000.0,336327.55899999995,207835.67744999996,128491.88154999998
580793.55,417000.0,337226.559,208330.12745000003,128896.43155
582032.9099999999,417999.99999999994,338125.559,208824.57745,129300.98155
583272.27,419000.0,339024.55899999995,209319.02745,129705.53154999997
584511.63,420000.0,339923.559,209813.47745,130110.08155
585750.99,420999.99999999994,340822.559,210307.92745000002,130514.63155
586990.35,422000.0,341721.55899999995,210802.37744999997,130919.18154999998
588229.71,423000.0,342620.559,211296.82745,131323.73155
589469.07,423999.99999999994,343519.559,211791.27745,131728.28155
590708.4299999999,425000.0,344418.55899999995,212285.72744999998,132132.83154999997
591947.79,426000.0,345317.559,212780.17745000002,132537.38155
593187.1499999999,426999.99999999994,346216.559,213274.62745000003,132941.93154999998
594426.51,428000.0,347115.55899999995,213769.07744999998,133346.48154999997
595665.87,429000.0,348014.559,214263.52745,133751.03155
596905.23,429999.99999999994,348913.559,214757.97745,134155.58155
598144.5899999999,431000.0,349812.55899999995,215252.42744999996,134560.13155
599383.95,432000.0,350711.559,215746.87745000003,134964.68154999998
600623.3099999998,432999.99999999994,351610.559,216241.32745,135369.23155
601862.6699999999,434000.0,352509.55899999995,216735.77745,135773.78154999996
603102.03,435000.0,353408.559,217230.22745,136178.33155
604341.3899999999,435999.99999999994,354307.559,217724.67745000002,136582.88155
605580.75,437000.0,355206.55899999995,218219.12744999997,136987.43154999998
606820.11,438000.0,356105.559,218713.57745,137391.98155
608059.47,438999.99999999994,357004.559,219208.02745,137796.53155
609298.83,440000.0,357903.55899999995,219702.47744999998,138201.08154999997
610538.1900000001,441000.0,358802.559,220196.92745000002,138605.63155
611777.5499999999,441999.99999999994,359701.559,220691.37745000003,139010.18154999998
613016.9099999999,443000.0,360600.55899999995,221185.82744999998,139414.73154999997
614256.27,444000.0,361499.559,221680.27745,139819.28155
615495.6299999999,444999.99999999994,362398.559,222174.72745,140223.83155
616734.99,446000.0,363297.55899999995,222669.17744999996,140628.38155
617974.3500000001,447000.0,364196.559,223163.62745000003,141032.93154999998
619213.71,447999.99999999994,365095.559,223658.07745,141437.48155
620453.0700000001,449000.0,365994.55899999995,224152.52745,141842.03154999996
621692.4299999999,450000.0,366893.559,224646.97745,142246.58155
622931.7899999999,450999.99999999994,367792.559,225141.42745000002,142651.13155
624171.1499999999,452000.0,368691.55899999995,225635.87744999997,143055.68154999998
625410.51,453000.0,369590.559,226130.32745,143460.23155
626649.8699999999,453999.99999999994,370489.559,226624.77745,143864.78155
627889.23,455000.0,371388.55899999995,227119.22744999998,144269.33154999997
629128.59,456000.0,372287.559,227613.67745000002,144673.88155
630367.95,456999.99999999994,373186.559,228108.12745000003,145078.43154999998
631607.3099999999,458000.0,374085.55899999995,228602.57744999998,145482.98154999997
632846.67,459000.0,374984.559,229097.02745,145887.53155
634086.0299999999,459999.99999999994,375883.559,229591.47745,146292.08155
635325.3899999999,461000.0,376782.55899999995,230085.92744999996,146696.63155
636564.75,462000.0,377681.559,230580.37745000003,147101.18154999998
637804.11,462999.99999999994,378580.559,231074.82745,147505.73155
639043.47,464000.0,379479.55899999995,231569.27745,147910.28154999996
640282.83,465000.0,380378.559,232063.72745,148314.83155
641522.19,465999.99999999994,381277.559,232558.17745000002,148719.38155
642761.5499999999,467000.0,382176.55899999995,233052.62744999997,149123.93154999998
644000.91,468000.0,383075.559,233547.07745,149528.48155
645240.2699999999,468999.99999999994,383974.559,234041.52745,149933.03155
646479.63,470000.0,384873.55899999995,234535.97744999998,150337.58154999997
647718.99,471000.0,385772.559,235030.42745000002,150742.13155
648958.35,471999.99999999994,386671.559,235524.87745000003,151146.68154999998
650197.71,473000.0,387570.55899999995,236019.32744999998,151551.23154999997
651437.0700000001,474000.0,388469.559,236513.77745,151955.78155
652676.4299999999,474999.99999999994,389368.559,237008.22745,152360.33155
653915.79,476000.0,390267.55899999995,237502.67744999996,152764.88155
655155.1499999999,477000.0,391166.559,237997.12745000003,153169.43154999998
656394.51,477999.99999999994,392065.559,238491.57745,153573.98155
657633.8699999999,479000.0,392964.55899999995,238986.02745,153978.53154999996
658873.23,480000.0,393863.559,239480.47745,154383.08155
660112.5899999999,480999.99999999994,394762.559,239974.92745000002,154787.63155
661351.95,482000.0,395661.55899999995,240469.37744999997,155192.18154999998
662591.3099999999,483000.0,396560.559,240963.82745,155596.73155
663830.6699999999,483999.99999999994,397459.559,241458.27745,156001.28155
665070.0299999999,485000.0,398358.55899999995,241952.72744999998,156405.83154999997
666309.39,486000.0,399257.559,242447.17745000002,156810.38155
667548.7499999999,486999.99999999994,400156.559,242941.62745000003,157214.93154999998
668788.11,488000.0,401055.55899999995,243436.07744999998,157619.48154999997
670027.47,489000.0,401954.559,243930.52745,158024.03155
671266.83,489999.99999999994,402853.559,244424.97745,158428.58155
672506.19,491000.0,403752.55899999995,244919.42744999996,158833.13155
673745.55,492000.0,404651.559,245413.87745000003,159237.68154999998
674984.9099999999,492999.99999999994,405550.559,245908.32745,159642.23155
676224.27,494000.0,406449.55899999995,246402.77745,160046.78154999996
677463.63,495000.0,407348.559,246897.22745,160451.33155
678702.9899999999,495999.99999999994,408247.559,247391.67745000002,160855.88155
679942.35,497000.0,409146.55899999995,247886.12744999997,161260.43154999998
681181.71,498000.0,410045.559,248380.57745,161664.98155
682421.07,498999.99999999994,410944.559,248875.02745,162069.53155
683660.4299999999,500000.0,411843.55899999995,249369.47744999998,162474.08154999997
